file,line,type,commit,author,date,time,timezone,datetime,depth,length
style.css,1,css,8598acae,aprilhuang39,2025-04-18,23:24:21,-07:00,2025-04-18T23:24:21-07:00,0,5
style.css,2,css,9f74161d,aprilhuang39,2025-04-08,12:40:43,-07:00,2025-04-08T12:40:43-07:00,0,32
style.css,3,css,9f74161d,aprilhuang39,2025-04-08,12:40:43,-07:00,2025-04-08T12:40:43-07:00,0,0
style.css,4,css,8598acae,aprilhuang39,2025-04-18,23:24:21,-07:00,2025-04-18T23:24:21-07:00,0,0
style.css,5,css,1ec574a4,aprilhuang39,2025-04-18,23:40:32,-07:00,2025-04-18T23:40:32-07:00,0,15
style.css,6,css,1ec574a4,aprilhuang39,2025-04-18,23:40:32,-07:00,2025-04-18T23:40:32-07:00,0,13
style.css,7,css,1ec574a4,aprilhuang39,2025-04-18,23:40:32,-07:00,2025-04-18T23:40:32-07:00,0,22
style.css,8,css,1ec574a4,aprilhuang39,2025-04-18,23:40:32,-07:00,2025-04-18T23:40:32-07:00,0,19
style.css,9,css,1ec574a4,aprilhuang39,2025-04-18,23:40:32,-07:00,2025-04-18T23:40:32-07:00,0,18
style.css,10,css,1ec574a4,aprilhuang39,2025-04-18,23:40:32,-07:00,2025-04-18T23:40:32-07:00,0,23
style.css,11,css,1ec574a4,aprilhuang39,2025-04-18,23:40:32,-07:00,2025-04-18T23:40:32-07:00,0,16
style.css,12,css,1ec574a4,aprilhuang39,2025-04-18,23:40:32,-07:00,2025-04-18T23:40:32-07:00,0,16
style.css,13,css,1ec574a4,aprilhuang39,2025-04-18,23:40:32,-07:00,2025-04-18T23:40:32-07:00,0,0
style.css,14,css,1ec574a4,aprilhuang39,2025-04-18,23:40:32,-07:00,2025-04-18T23:40:32-07:00,0,0
style.css,15,css,4113f6c3,aprilhuang39,2025-04-18,23:56:30,-07:00,2025-04-18T23:56:30-07:00,0,9
style.css,16,css,4113f6c3,aprilhuang39,2025-04-18,23:56:30,-07:00,2025-04-18T23:56:30-07:00,0,18
style.css,17,css,4113f6c3,aprilhuang39,2025-04-18,23:56:30,-07:00,2025-04-18T23:56:30-07:00,0,15
style.css,18,css,4113f6c3,aprilhuang39,2025-04-18,23:56:30,-07:00,2025-04-18T23:56:30-07:00,0,19
style.css,19,css,4113f6c3,aprilhuang39,2025-04-18,23:56:30,-07:00,2025-04-18T23:56:30-07:00,0,0
style.css,20,css,4113f6c3,aprilhuang39,2025-04-18,23:56:30,-07:00,2025-04-18T23:56:30-07:00,0,0
style.css,21,css,1ec574a4,aprilhuang39,2025-04-18,23:40:32,-07:00,2025-04-18T23:40:32-07:00,0,8
style.css,22,css,1ec574a4,aprilhuang39,2025-04-18,23:40:32,-07:00,2025-04-18T23:40:32-07:00,0,15
style.css,23,css,1ec574a4,aprilhuang39,2025-04-18,23:40:32,-07:00,2025-04-18T23:40:32-07:00,0,19
style.css,24,css,4113f6c3,aprilhuang39,2025-04-18,23:56:30,-07:00,2025-04-18T23:56:30-07:00,0,18
style.css,25,css,4113f6c3,aprilhuang39,2025-04-18,23:56:30,-07:00,2025-04-18T23:56:30-07:00,0,0
style.css,26,css,4113f6c3,aprilhuang39,2025-04-18,23:56:30,-07:00,2025-04-18T23:56:30-07:00,0,0
style.css,27,css,4113f6c3,aprilhuang39,2025-04-18,23:56:30,-07:00,2025-04-18T23:56:30-07:00,0,15
style.css,28,css,4113f6c3,aprilhuang39,2025-04-18,23:56:30,-07:00,2025-04-18T23:56:30-07:00,0,14
style.css,29,css,4113f6c3,aprilhuang39,2025-04-18,23:56:30,-07:00,2025-04-18T23:56:30-07:00,0,24
style.css,30,css,4113f6c3,aprilhuang39,2025-04-18,23:56:30,-07:00,2025-04-18T23:56:30-07:00,0,15
style.css,31,css,4113f6c3,aprilhuang39,2025-04-18,23:56:30,-07:00,2025-04-18T23:56:30-07:00,0,12
style.css,32,css,1ec574a4,aprilhuang39,2025-04-18,23:40:32,-07:00,2025-04-18T23:40:32-07:00,0,0
style.css,33,css,1ec574a4,aprilhuang39,2025-04-18,23:40:32,-07:00,2025-04-18T23:40:32-07:00,0,0
style.css,34,css,2220b7b8,aprilhuang39,2025-04-03,13:53:18,-07:00,2025-04-03T13:53:18-07:00,0,5
style.css,35,css,9f74161d,aprilhuang39,2025-04-08,12:40:43,-07:00,2025-04-08T12:40:43-07:00,0,16
style.css,36,css,8598acae,aprilhuang39,2025-04-18,23:24:21,-07:00,2025-04-18T23:24:21-07:00,0,16
style.css,37,css,8598acae,aprilhuang39,2025-04-18,23:24:21,-07:00,2025-04-18T23:24:21-07:00,0,24
style.css,38,css,8598acae,aprilhuang39,2025-04-18,23:24:21,-07:00,2025-04-18T23:24:21-07:00,0,19
style.css,39,css,8598acae,aprilhuang39,2025-04-18,23:24:21,-07:00,2025-04-18T23:24:21-07:00,0,12
style.css,40,css,8598acae,aprilhuang39,2025-04-18,23:24:21,-07:00,2025-04-18T23:24:21-07:00,0,33
style.css,41,css,9f74161d,aprilhuang39,2025-04-08,12:40:43,-07:00,2025-04-08T12:40:43-07:00,0,0
style.css,42,css,5fe2c9bb,aprilhuang39,2025-04-09,14:30:03,-07:00,2025-04-09T14:30:03-07:00,0,0
style.css,43,css,9f74161d,aprilhuang39,2025-04-08,12:40:43,-07:00,2025-04-08T12:40:43-07:00,0,4
style.css,44,css,9f74161d,aprilhuang39,2025-04-08,12:40:43,-07:00,2025-04-08T12:40:43-07:00,0,13
style.css,45,css,9f74161d,aprilhuang39,2025-04-08,12:40:43,-07:00,2025-04-08T12:40:43-07:00,0,42
style.css,46,css,8598acae,aprilhuang39,2025-04-18,23:24:21,-07:00,2025-04-18T23:24:21-07:00,0,40
style.css,47,css,8598acae,aprilhuang39,2025-04-18,23:24:21,-07:00,2025-04-18T23:24:21-07:00,0,40
style.css,48,css,9f74161d,aprilhuang39,2025-04-08,12:40:43,-07:00,2025-04-08T12:40:43-07:00,0,0
style.css,49,css,8598acae,aprilhuang39,2025-04-18,23:24:21,-07:00,2025-04-18T23:24:21-07:00,0,0
style.css,50,css,9f74161d,aprilhuang39,2025-04-08,12:40:43,-07:00,2025-04-08T12:40:43-07:00,0,6
style.css,51,css,9f74161d,aprilhuang39,2025-04-08,12:40:43,-07:00,2025-04-08T12:40:43-07:00,0,7
style.css,52,css,9f74161d,aprilhuang39,2025-04-08,12:40:43,-07:00,2025-04-08T12:40:43-07:00,0,21
style.css,53,css,9f74161d,aprilhuang39,2025-04-08,12:40:43,-07:00,2025-04-08T12:40:43-07:00,0,14
style.css,54,css,9f74161d,aprilhuang39,2025-04-08,12:40:43,-07:00,2025-04-08T12:40:43-07:00,0,18
style.css,55,css,9f74161d,aprilhuang39,2025-04-08,12:40:43,-07:00,2025-04-08T12:40:43-07:00,0,14
style.css,56,css,8598acae,aprilhuang39,2025-04-18,23:24:21,-07:00,2025-04-18T23:24:21-07:00,0,19
style.css,57,css,9f74161d,aprilhuang39,2025-04-08,12:40:43,-07:00,2025-04-08T12:40:43-07:00,0,0
style.css,58,css,8598acae,aprilhuang39,2025-04-18,23:24:21,-07:00,2025-04-18T23:24:21-07:00,0,0
style.css,59,css,9f74161d,aprilhuang39,2025-04-08,12:40:43,-07:00,2025-04-08T12:40:43-07:00,0,14
style.css,60,css,9f74161d,aprilhuang39,2025-04-08,12:40:43,-07:00,2025-04-08T12:40:43-07:00,0,44
style.css,61,css,9f74161d,aprilhuang39,2025-04-08,12:40:43,-07:00,2025-04-08T12:40:43-07:00,0,0
style.css,62,css,8598acae,aprilhuang39,2025-04-18,23:24:21,-07:00,2025-04-18T23:24:21-07:00,0,0
style.css,63,css,9f74161d,aprilhuang39,2025-04-08,12:40:43,-07:00,2025-04-08T12:40:43-07:00,0,12
style.css,64,css,9f74161d,aprilhuang39,2025-04-08,12:40:43,-07:00,2025-04-08T12:40:43-07:00,0,46
style.css,65,css,8598acae,aprilhuang39,2025-04-18,23:24:21,-07:00,2025-04-18T23:24:21-07:00,0,70
style.css,66,css,9f74161d,aprilhuang39,2025-04-08,12:40:43,-07:00,2025-04-08T12:40:43-07:00,0,0
style.css,67,css,9f74161d,aprilhuang39,2025-04-08,12:40:43,-07:00,2025-04-08T12:40:43-07:00,0,0
style.css,68,css,9f74161d,aprilhuang39,2025-04-08,12:40:43,-07:00,2025-04-08T12:40:43-07:00,0,5
style.css,69,css,9f74161d,aprilhuang39,2025-04-08,12:40:43,-07:00,2025-04-08T12:40:43-07:00,0,13
style.css,70,css,9f74161d,aprilhuang39,2025-04-08,12:40:43,-07:00,2025-04-08T12:40:43-07:00,0,31
style.css,71,css,9f74161d,aprilhuang39,2025-04-08,12:40:43,-07:00,2025-04-08T12:40:43-07:00,0,8
style.css,72,css,9f74161d,aprilhuang39,2025-04-08,12:40:43,-07:00,2025-04-08T12:40:43-07:00,0,0
style.css,73,css,9f74161d,aprilhuang39,2025-04-08,12:40:43,-07:00,2025-04-08T12:40:43-07:00,0,0
style.css,74,css,8598acae,aprilhuang39,2025-04-18,23:24:21,-07:00,2025-04-18T23:24:21-07:00,0,14
style.css,75,css,9f74161d,aprilhuang39,2025-04-08,12:40:43,-07:00,2025-04-08T12:40:43-07:00,0,13
style.css,76,css,9f74161d,aprilhuang39,2025-04-08,12:40:43,-07:00,2025-04-08T12:40:43-07:00,0,30
style.css,77,css,9f74161d,aprilhuang39,2025-04-08,12:40:43,-07:00,2025-04-08T12:40:43-07:00,0,19
style.css,78,css,9f74161d,aprilhuang39,2025-04-08,12:40:43,-07:00,2025-04-08T12:40:43-07:00,0,0
style.css,79,css,9f74161d,aprilhuang39,2025-04-08,12:40:43,-07:00,2025-04-08T12:40:43-07:00,0,0
style.css,80,css,8598acae,aprilhuang39,2025-04-18,23:24:21,-07:00,2025-04-18T23:24:21-07:00,0,7
style.css,81,css,8598acae,aprilhuang39,2025-04-18,23:24:21,-07:00,2025-04-18T23:24:21-07:00,0,13
style.css,82,css,8598acae,aprilhuang39,2025-04-18,23:24:21,-07:00,2025-04-18T23:24:21-07:00,0,23
style.css,83,css,a1f3e66f,aprilhuang39,2025-04-08,12:56:15,-07:00,2025-04-08T12:56:15-07:00,0,0
style.css,84,css,a1f3e66f,aprilhuang39,2025-04-08,12:56:15,-07:00,2025-04-08T12:56:15-07:00,0,0
style.css,85,css,a1f3e66f,aprilhuang39,2025-04-08,12:56:15,-07:00,2025-04-08T12:56:15-07:00,0,10
style.css,86,css,a1f3e66f,aprilhuang39,2025-04-08,12:56:15,-07:00,2025-04-08T12:56:15-07:00,0,13
style.css,87,css,a1f3e66f,aprilhuang39,2025-04-08,12:56:15,-07:00,2025-04-08T12:56:15-07:00,0,59
style.css,88,css,8598acae,aprilhuang39,2025-04-18,23:24:21,-07:00,2025-04-18T23:24:21-07:00,0,15
style.css,89,css,a1f3e66f,aprilhuang39,2025-04-08,12:56:15,-07:00,2025-04-08T12:56:15-07:00,0,0
style.css,90,css,a1f3e66f,aprilhuang39,2025-04-08,12:56:15,-07:00,2025-04-08T12:56:15-07:00,0,0
style.css,91,css,8598acae,aprilhuang39,2025-04-18,23:24:21,-07:00,2025-04-18T23:24:21-07:00,0,8
style.css,92,css,a1f3e66f,aprilhuang39,2025-04-08,12:56:15,-07:00,2025-04-08T12:56:15-07:00,0,13
style.css,93,css,a1f3e66f,aprilhuang39,2025-04-08,12:56:15,-07:00,2025-04-08T12:56:15-07:00,0,27
style.css,94,css,a1f3e66f,aprilhuang39,2025-04-08,12:56:15,-07:00,2025-04-08T12:56:15-07:00,0,16
style.css,95,css,8598acae,aprilhuang39,2025-04-18,23:24:21,-07:00,2025-04-18T23:24:21-07:00,0,8
style.css,96,css,a1f3e66f,aprilhuang39,2025-04-08,12:56:15,-07:00,2025-04-08T12:56:15-07:00,0,0
style.css,97,css,a1f3e66f,aprilhuang39,2025-04-08,12:56:15,-07:00,2025-04-08T12:56:15-07:00,0,0
style.css,98,css,8598acae,aprilhuang39,2025-04-18,23:24:21,-07:00,2025-04-18T23:24:21-07:00,0,3
style.css,99,css,a1f3e66f,aprilhuang39,2025-04-08,12:56:15,-07:00,2025-04-08T12:56:15-07:00,0,9
style.css,100,css,a1f3e66f,aprilhuang39,2025-04-08,12:56:15,-07:00,2025-04-08T12:56:15-07:00,0,0
style.css,101,css,8598acae,aprilhuang39,2025-04-18,23:24:21,-07:00,2025-04-18T23:24:21-07:00,0,3
style.css,102,css,8598acae,aprilhuang39,2025-04-18,23:24:21,-07:00,2025-04-18T23:24:21-07:00,0,15
style.css,103,css,a1f3e66f,aprilhuang39,2025-04-08,12:56:15,-07:00,2025-04-08T12:56:15-07:00,0,0
style.css,104,css,a1f3e66f,aprilhuang39,2025-04-08,12:56:15,-07:00,2025-04-08T12:56:15-07:00,0,23
style.css,105,css,a1f3e66f,aprilhuang39,2025-04-08,12:56:15,-07:00,2025-04-08T12:56:15-07:00,0,16
style.css,106,css,8532eba6,aprilhuang39,2025-04-18,23:33:12,-07:00,2025-04-18T23:33:12-07:00,0,18
style.css,107,css,a1f3e66f,aprilhuang39,2025-04-08,12:56:15,-07:00,2025-04-08T12:56:15-07:00,0,0
style.css,108,css,a1f3e66f,aprilhuang39,2025-04-08,12:56:15,-07:00,2025-04-08T12:56:15-07:00,0,0
style.css,109,css,8532eba6,aprilhuang39,2025-04-18,23:33:12,-07:00,2025-04-18T23:33:12-07:00,0,11
style.css,110,css,8532eba6,aprilhuang39,2025-04-18,23:33:12,-07:00,2025-04-18T23:33:12-07:00,0,21
style.css,111,css,8532eba6,aprilhuang39,2025-04-18,23:33:12,-07:00,2025-04-18T23:33:12-07:00,0,18
style.css,112,css,8532eba6,aprilhuang39,2025-04-18,23:33:12,-07:00,2025-04-18T23:33:12-07:00,0,29
style.css,113,css,5fe2c9bb,aprilhuang39,2025-04-09,14:30:03,-07:00,2025-04-09T14:30:03-07:00,0,0
style.css,114,css,5fe2c9bb,aprilhuang39,2025-04-09,14:30:03,-07:00,2025-04-09T14:30:03-07:00,0,0
style.css,115,css,8532eba6,aprilhuang39,2025-04-18,23:33:12,-07:00,2025-04-18T23:33:12-07:00,0,10
style.css,116,css,245d9d7d,aprilhuang39,2025-04-19,00:05:14,-07:00,2025-04-19T00:05:14-07:00,0,14
style.css,117,css,8532eba6,aprilhuang39,2025-04-18,23:33:12,-07:00,2025-04-18T23:33:12-07:00,0,21
style.css,118,css,8532eba6,aprilhuang39,2025-04-18,23:33:12,-07:00,2025-04-18T23:33:12-07:00,0,25
style.css,119,css,8598acae,aprilhuang39,2025-04-18,23:24:21,-07:00,2025-04-18T23:24:21-07:00,0,0
style.css,120,css,8598acae,aprilhuang39,2025-04-18,23:24:21,-07:00,2025-04-18T23:24:21-07:00,0,0
style.css,121,css,8532eba6,aprilhuang39,2025-04-18,23:33:12,-07:00,2025-04-18T23:33:12-07:00,0,27
style.css,122,css,900f618d,aprilhuang39,2025-04-19,00:22:25,-07:00,2025-04-19T00:22:25-07:00,0,19
style.css,123,css,900f618d,aprilhuang39,2025-04-19,00:22:25,-07:00,2025-04-19T00:22:25-07:00,0,26
style.css,124,css,900f618d,aprilhuang39,2025-04-19,00:22:25,-07:00,2025-04-19T00:22:25-07:00,0,44
style.css,125,css,900f618d,aprilhuang39,2025-04-19,00:22:25,-07:00,2025-04-19T00:22:25-07:00,0,2
style.css,126,css,8598acae,aprilhuang39,2025-04-18,23:24:21,-07:00,2025-04-18T23:24:21-07:00,0,0
style.css,127,css,8598acae,aprilhuang39,2025-04-18,23:24:21,-07:00,2025-04-18T23:24:21-07:00,0,19
style.css,128,css,8598acae,aprilhuang39,2025-04-18,23:24:21,-07:00,2025-04-18T23:24:21-07:00,0,9
style.css,129,css,8598acae,aprilhuang39,2025-04-18,23:24:21,-07:00,2025-04-18T23:24:21-07:00,0,17
style.css,130,css,8598acae,aprilhuang39,2025-04-18,23:24:21,-07:00,2025-04-18T23:24:21-07:00,0,0
style.css,131,css,8598acae,aprilhuang39,2025-04-18,23:24:21,-07:00,2025-04-18T23:24:21-07:00,0,0
style.css,132,css,8598acae,aprilhuang39,2025-04-18,23:24:21,-07:00,2025-04-18T23:24:21-07:00,0,14
style.css,133,css,8598acae,aprilhuang39,2025-04-18,23:24:21,-07:00,2025-04-18T23:24:21-07:00,0,18
style.css,134,css,8598acae,aprilhuang39,2025-04-18,23:24:21,-07:00,2025-04-18T23:24:21-07:00,0,9
style.css,135,css,8598acae,aprilhuang39,2025-04-18,23:24:21,-07:00,2025-04-18T23:24:21-07:00,0,11
style.css,136,css,8598acae,aprilhuang39,2025-04-18,23:24:21,-07:00,2025-04-18T23:24:21-07:00,0,14
style.css,137,css,36230d8e,aprilhuang39,2025-04-25,23:32:46,-07:00,2025-04-25T23:32:46-07:00,0,0
style.css,138,css,36230d8e,aprilhuang39,2025-04-25,23:32:46,-07:00,2025-04-25T23:32:46-07:00,0,0
style.css,139,css,36230d8e,aprilhuang39,2025-04-25,23:32:46,-07:00,2025-04-25T23:32:46-07:00,0,15
style.css,140,css,36230d8e,aprilhuang39,2025-04-25,23:32:46,-07:00,2025-04-25T23:32:46-07:00,0,16
style.css,141,css,36230d8e,aprilhuang39,2025-04-25,23:32:46,-07:00,2025-04-25T23:32:46-07:00,0,13
style.css,142,css,36230d8e,aprilhuang39,2025-04-25,23:32:46,-07:00,2025-04-25T23:32:46-07:00,0,37
style.css,143,css,36230d8e,aprilhuang39,2025-04-25,23:32:46,-07:00,2025-04-25T23:32:46-07:00,0,21
style.css,144,css,36230d8e,aprilhuang39,2025-04-25,23:32:46,-07:00,2025-04-25T23:32:46-07:00,0,0
style.css,145,css,36230d8e,aprilhuang39,2025-04-25,23:32:46,-07:00,2025-04-25T23:32:46-07:00,0,0
style.css,146,css,36230d8e,aprilhuang39,2025-04-25,23:32:46,-07:00,2025-04-25T23:32:46-07:00,0,18
style.css,147,css,36230d8e,aprilhuang39,2025-04-25,23:32:46,-07:00,2025-04-25T23:32:46-07:00,0,19
style.css,148,css,36230d8e,aprilhuang39,2025-04-25,23:32:46,-07:00,2025-04-25T23:32:46-07:00,0,18
style.css,149,css,36230d8e,aprilhuang39,2025-04-25,23:32:46,-07:00,2025-04-25T23:32:46-07:00,0,0
style.css,150,css,36230d8e,aprilhuang39,2025-04-25,23:32:46,-07:00,2025-04-25T23:32:46-07:00,0,0
style.css,151,css,36230d8e,aprilhuang39,2025-04-25,23:32:46,-07:00,2025-04-25T23:32:46-07:00,0,18
style.css,152,css,36230d8e,aprilhuang39,2025-04-25,23:32:46,-07:00,2025-04-25T23:32:46-07:00,0,13
style.css,153,css,36230d8e,aprilhuang39,2025-04-25,23:32:46,-07:00,2025-04-25T23:32:46-07:00,0,37
style.css,154,css,36230d8e,aprilhuang39,2025-04-25,23:32:46,-07:00,2025-04-25T23:32:46-07:00,0,9
style.css,155,css,36230d8e,aprilhuang39,2025-04-25,23:32:46,-07:00,2025-04-25T23:32:46-07:00,0,18
style.css,156,css,36230d8e,aprilhuang39,2025-04-25,23:32:46,-07:00,2025-04-25T23:32:46-07:00,0,0
style.css,157,css,36230d8e,aprilhuang39,2025-04-25,23:32:46,-07:00,2025-04-25T23:32:46-07:00,0,0
style.css,158,css,36230d8e,aprilhuang39,2025-04-25,23:32:46,-07:00,2025-04-25T23:32:46-07:00,0,18
style.css,159,css,36230d8e,aprilhuang39,2025-04-25,23:32:46,-07:00,2025-04-25T23:32:46-07:00,0,11
style.css,160,css,36230d8e,aprilhuang39,2025-04-25,23:32:46,-07:00,2025-04-25T23:32:46-07:00,0,17
style.css,161,css,36230d8e,aprilhuang39,2025-04-25,23:32:46,-07:00,2025-04-25T23:32:46-07:00,0,26
style.css,162,css,36230d8e,aprilhuang39,2025-04-25,23:32:46,-07:00,2025-04-25T23:32:46-07:00,0,0
style.css,163,css,36230d8e,aprilhuang39,2025-04-25,23:32:46,-07:00,2025-04-25T23:32:46-07:00,0,0
style.css,164,css,36230d8e,aprilhuang39,2025-04-25,23:32:46,-07:00,2025-04-25T23:32:46-07:00,0,18
style.css,165,css,36230d8e,aprilhuang39,2025-04-25,23:32:46,-07:00,2025-04-25T23:32:46-07:00,0,11
style.css,166,css,36230d8e,aprilhuang39,2025-04-25,23:32:46,-07:00,2025-04-25T23:32:46-07:00,0,9
style.css,167,css,ab8c9113,aprilhuang39,2025-05-03,20:55:09,-07:00,2025-05-03T20:55:09-07:00,0,0
style.css,168,css,ab8c9113,aprilhuang39,2025-05-03,20:55:09,-07:00,2025-05-03T20:55:09-07:00,0,0
style.css,169,css,ab8c9113,aprilhuang39,2025-05-03,20:55:09,-07:00,2025-05-03T20:55:09-07:00,0,0
style.css,170,css,ab8c9113,aprilhuang39,2025-05-03,20:55:09,-07:00,2025-05-03T20:55:09-07:00,0,23
style.css,171,css,ab8c9113,aprilhuang39,2025-05-03,20:55:09,-07:00,2025-05-03T20:55:09-07:00,0,0
style.css,172,css,ab8c9113,aprilhuang39,2025-05-03,20:55:09,-07:00,2025-05-03T20:55:09-07:00,0,19
style.css,173,css,ab8c9113,aprilhuang39,2025-05-03,20:55:09,-07:00,2025-05-03T20:55:09-07:00,0,15
style.css,174,css,ab8c9113,aprilhuang39,2025-05-03,20:55:09,-07:00,2025-05-03T20:55:09-07:00,0,17
style.css,175,css,ab8c9113,aprilhuang39,2025-05-03,20:55:09,-07:00,2025-05-03T20:55:09-07:00,0,17
style.css,176,css,ab8c9113,aprilhuang39,2025-05-03,20:55:09,-07:00,2025-05-03T20:55:09-07:00,0,0
style.css,177,css,ab8c9113,aprilhuang39,2025-05-03,20:55:09,-07:00,2025-05-03T20:55:09-07:00,0,0
style.css,178,css,ab8c9113,aprilhuang39,2025-05-03,20:55:09,-07:00,2025-05-03T20:55:09-07:00,0,8
style.css,179,css,ab8c9113,aprilhuang39,2025-05-03,20:55:09,-07:00,2025-05-03T20:55:09-07:00,0,28
style.css,180,css,ab8c9113,aprilhuang39,2025-05-03,20:55:09,-07:00,2025-05-03T20:55:09-07:00,0,30
style.css,181,css,ab8c9113,aprilhuang39,2025-05-03,20:55:09,-07:00,2025-05-03T20:55:09-07:00,0,48
style.css,182,css,ab8c9113,aprilhuang39,2025-05-03,20:55:09,-07:00,2025-05-03T20:55:09-07:00,0,76
style.css,183,css,ab8c9113,aprilhuang39,2025-05-03,20:55:09,-07:00,2025-05-03T20:55:09-07:00,0,52
style.css,184,css,ab8c9113,aprilhuang39,2025-05-03,20:55:09,-07:00,2025-05-03T20:55:09-07:00,0,65
style.css,185,css,ab8c9113,aprilhuang39,2025-05-03,20:55:09,-07:00,2025-05-03T20:55:09-07:00,0,59
style.css,186,css,ab8c9113,aprilhuang39,2025-05-03,20:55:09,-07:00,2025-05-03T20:55:09-07:00,0,0
style.css,187,css,ab8c9113,aprilhuang39,2025-05-03,20:55:09,-07:00,2025-05-03T20:55:09-07:00,0,0
style.css,188,css,ab8c9113,aprilhuang39,2025-05-03,20:55:09,-07:00,2025-05-03T20:55:09-07:00,0,8
style.css,189,css,ab8c9113,aprilhuang39,2025-05-03,20:55:09,-07:00,2025-05-03T20:55:09-07:00,0,13
style.css,190,css,ab8c9113,aprilhuang39,2025-05-03,20:55:09,-07:00,2025-05-03T20:55:09-07:00,0,58
style.css,191,css,ab8c9113,aprilhuang39,2025-05-03,20:55:09,-07:00,2025-05-03T20:55:09-07:00,0,49
style.css,192,css,ab8c9113,aprilhuang39,2025-05-03,20:55:09,-07:00,2025-05-03T20:55:09-07:00,0,10
style.css,193,css,ab8c9113,aprilhuang39,2025-05-03,20:55:09,-07:00,2025-05-03T20:55:09-07:00,0,52
style.css,194,css,ab8c9113,aprilhuang39,2025-05-03,20:55:09,-07:00,2025-05-03T20:55:09-07:00,0,54
style.css,195,css,ab8c9113,aprilhuang39,2025-05-03,20:55:09,-07:00,2025-05-03T20:55:09-07:00,0,51
style.css,196,css,ab8c9113,aprilhuang39,2025-05-03,20:55:09,-07:00,2025-05-03T20:55:09-07:00,0,37
style.css,197,css,ab8c9113,aprilhuang39,2025-05-03,20:55:09,-07:00,2025-05-03T20:55:09-07:00,0,0
style.css,198,css,ab8c9113,aprilhuang39,2025-05-03,20:55:09,-07:00,2025-05-03T20:55:09-07:00,0,0
style.css,199,css,ab8c9113,aprilhuang39,2025-05-03,20:55:09,-07:00,2025-05-03T20:55:09-07:00,0,13
style.css,200,css,ab8c9113,aprilhuang39,2025-05-03,20:55:09,-07:00,2025-05-03T20:55:09-07:00,0,55
style.css,201,css,ab8c9113,aprilhuang39,2025-05-03,20:55:09,-07:00,2025-05-03T20:55:09-07:00,0,60
style.css,202,css,ab8c9113,aprilhuang39,2025-05-03,20:55:09,-07:00,2025-05-03T20:55:09-07:00,0,49
style.css,203,css,ab8c9113,aprilhuang39,2025-05-03,20:55:09,-07:00,2025-05-03T20:55:09-07:00,0,0
style.css,204,css,ab8c9113,aprilhuang39,2025-05-03,20:55:09,-07:00,2025-05-03T20:55:09-07:00,0,0
style.css,205,css,ab8c9113,aprilhuang39,2025-05-03,20:55:09,-07:00,2025-05-03T20:55:09-07:00,0,11
style.css,206,css,ab8c9113,aprilhuang39,2025-05-03,20:55:09,-07:00,2025-05-03T20:55:09-07:00,0,58
style.css,207,css,ab8c9113,aprilhuang39,2025-05-03,20:55:09,-07:00,2025-05-03T20:55:09-07:00,0,54
style.css,208,css,ab8c9113,aprilhuang39,2025-05-03,20:55:09,-07:00,2025-05-03T20:55:09-07:00,0,55
style.css,209,css,ab8c9113,aprilhuang39,2025-05-03,20:55:09,-07:00,2025-05-03T20:55:09-07:00,0,0
style.css,210,css,ab8c9113,aprilhuang39,2025-05-03,20:55:09,-07:00,2025-05-03T20:55:09-07:00,0,0
style.css,211,css,ab8c9113,aprilhuang39,2025-05-03,20:55:09,-07:00,2025-05-03T20:55:09-07:00,0,8
style.css,212,css,ab8c9113,aprilhuang39,2025-05-03,20:55:09,-07:00,2025-05-03T20:55:09-07:00,0,7
style.css,213,css,ab8c9113,aprilhuang39,2025-05-03,20:55:09,-07:00,2025-05-03T20:55:09-07:00,0,0
style.css,214,css,ab8c9113,aprilhuang39,2025-05-03,20:55:09,-07:00,2025-05-03T20:55:09-07:00,0,0
style.css,215,css,ab8c9113,aprilhuang39,2025-05-03,20:55:09,-07:00,2025-05-03T20:55:09-07:00,0,11
style.css,216,css,ab8c9113,aprilhuang39,2025-05-03,20:55:09,-07:00,2025-05-03T20:55:09-07:00,0,11
style.css,217,css,ab8c9113,aprilhuang39,2025-05-03,20:55:09,-07:00,2025-05-03T20:55:09-07:00,0,12
style.css,218,css,ab8c9113,aprilhuang39,2025-05-03,20:55:09,-07:00,2025-05-03T20:55:09-07:00,0,15
style.css,219,css,ab8c9113,aprilhuang39,2025-05-03,20:55:09,-07:00,2025-05-03T20:55:09-07:00,0,15
style.css,220,css,ab8c9113,aprilhuang39,2025-05-03,20:55:09,-07:00,2025-05-03T20:55:09-07:00,0,22
style.css,221,css,ab8c9113,aprilhuang39,2025-05-03,20:55:09,-07:00,2025-05-03T20:55:09-07:00,0,19
style.css,222,css,ab8c9113,aprilhuang39,2025-05-03,20:55:09,-07:00,2025-05-03T20:55:09-07:00,0,40
style.css,223,css,ab8c9113,aprilhuang39,2025-05-03,20:55:09,-07:00,2025-05-03T20:55:09-07:00,0,0
style.css,224,css,ab8c9113,aprilhuang39,2025-05-03,20:55:09,-07:00,2025-05-03T20:55:09-07:00,0,0
style.css,225,css,ab8c9113,aprilhuang39,2025-05-03,20:55:09,-07:00,2025-05-03T20:55:09-07:00,0,18
style.css,226,css,ab8c9113,aprilhuang39,2025-05-03,20:55:09,-07:00,2025-05-03T20:55:09-07:00,0,17
style.css,227,css,ab8c9113,aprilhuang39,2025-05-03,20:55:09,-07:00,2025-05-03T20:55:09-07:00,0,12
style.css,228,css,ab8c9113,aprilhuang39,2025-05-03,20:55:09,-07:00,2025-05-03T20:55:09-07:00,0,0
style.css,229,css,ab8c9113,aprilhuang39,2025-05-03,20:55:09,-07:00,2025-05-03T20:55:09-07:00,0,0
style.css,230,css,ab8c9113,aprilhuang39,2025-05-03,20:55:09,-07:00,2025-05-03T20:55:09-07:00,0,0
style.css,231,css,ab8c9113,aprilhuang39,2025-05-03,20:55:09,-07:00,2025-05-03T20:55:09-07:00,0,5
style.css,232,css,ab8c9113,aprilhuang39,2025-05-03,20:55:09,-07:00,2025-05-03T20:55:09-07:00,0,17
style.css,233,css,ab8c9113,aprilhuang39,2025-05-03,20:55:09,-07:00,2025-05-03T20:55:09-07:00,0,0
style.css,234,css,ab8c9113,aprilhuang39,2025-05-03,20:55:09,-07:00,2025-05-03T20:55:09-07:00,0,0
style.css,235,css,ab8c9113,aprilhuang39,2025-05-03,20:55:09,-07:00,2025-05-03T20:55:09-07:00,0,10
style.css,236,css,ab8c9113,aprilhuang39,2025-05-03,20:55:09,-07:00,2025-05-03T20:55:09-07:00,0,36
style.css,237,css,ab8c9113,aprilhuang39,2025-05-03,20:55:09,-07:00,2025-05-03T20:55:09-07:00,0,0
style.css,238,css,ab8c9113,aprilhuang39,2025-05-03,20:55:09,-07:00,2025-05-03T20:55:09-07:00,0,11
style.css,239,css,ab8c9113,aprilhuang39,2025-05-03,20:55:09,-07:00,2025-05-03T20:55:09-07:00,0,18
style.css,240,css,ab8c9113,aprilhuang39,2025-05-03,20:55:09,-07:00,2025-05-03T20:55:09-07:00,0,0
style.css,241,css,9f74161d,aprilhuang39,2025-04-08,12:40:43,-07:00,2025-04-08T12:40:43-07:00,0,0
index.js,1,js,36230d8e,aprilhuang39,2025-04-25,23:32:46,-07:00,2025-04-25T23:32:46-07:00,0,72
index.js,2,js,36230d8e,aprilhuang39,2025-04-25,23:32:46,-07:00,2025-04-25T23:32:46-07:00,0,55
index.js,3,js,36230d8e,aprilhuang39,2025-04-25,23:32:46,-07:00,2025-04-25T23:32:46-07:00,0,43
index.js,4,js,36230d8e,aprilhuang39,2025-04-25,23:32:46,-07:00,2025-04-25T23:32:46-07:00,0,61
index.js,5,js,36230d8e,aprilhuang39,2025-04-25,23:32:46,-07:00,2025-04-25T23:32:46-07:00,0,0
index.js,6,js,36230d8e,aprilhuang39,2025-04-25,23:32:46,-07:00,2025-04-25T23:32:46-07:00,0,55
index.js,7,js,36230d8e,aprilhuang39,2025-04-25,23:32:46,-07:00,2025-04-25T23:32:46-07:00,0,0
index.js,8,js,36230d8e,aprilhuang39,2025-04-25,23:32:46,-07:00,2025-04-25T23:32:46-07:00,0,56
index.js,9,js,36230d8e,aprilhuang39,2025-04-25,23:32:46,-07:00,2025-04-25T23:32:46-07:00,0,61
index.js,10,js,36230d8e,aprilhuang39,2025-04-25,23:32:46,-07:00,2025-04-25T23:32:46-07:00,0,18
index.js,11,js,36230d8e,aprilhuang39,2025-04-25,23:32:46,-07:00,2025-04-25T23:32:46-07:00,0,25
index.js,12,js,36230d8e,aprilhuang39,2025-04-25,23:32:46,-07:00,2025-04-25T23:32:46-07:00,0,3
index.js,13,js,36230d8e,aprilhuang39,2025-04-25,23:32:46,-07:00,2025-04-25T23:32:46-07:00,0,56
index.js,14,js,36230d8e,aprilhuang39,2025-04-25,23:32:46,-07:00,2025-04-25T23:32:46-07:00,0,56
index.js,15,js,36230d8e,aprilhuang39,2025-04-25,23:32:46,-07:00,2025-04-25T23:32:46-07:00,0,50
index.js,16,js,36230d8e,aprilhuang39,2025-04-25,23:32:46,-07:00,2025-04-25T23:32:46-07:00,0,50
index.js,17,js,36230d8e,aprilhuang39,2025-04-25,23:32:46,-07:00,2025-04-25T23:32:46-07:00,0,4
index.js,18,js,36230d8e,aprilhuang39,2025-04-25,23:32:46,-07:00,2025-04-25T23:32:46-07:00,0,1
index.js,19,js,36230d8e,aprilhuang39,2025-04-25,23:32:46,-07:00,2025-04-25T23:32:46-07:00,0,0
index.html,1,html,d6d6ec42,aprilhuang39,2025-04-03,13:43:11,-07:00,2025-04-03T13:43:11-07:00,0,14
index.html,2,html,93ab4951,aprilhuang39,2025-04-18,23:51:06,-07:00,2025-04-18T23:51:06-07:00,0,28
index.html,3,html,d6d6ec42,aprilhuang39,2025-04-03,13:43:11,-07:00,2025-04-03T13:43:11-07:00,0,5
index.html,4,html,d6d6ec42,aprilhuang39,2025-04-03,13:43:11,-07:00,2025-04-03T13:43:11-07:00,0,21
index.html,5,html,d6d6ec42,aprilhuang39,2025-04-03,13:43:11,-07:00,2025-04-03T13:43:11-07:00,0,69
index.html,6,html,d6d6ec42,aprilhuang39,2025-04-03,13:43:11,-07:00,2025-04-03T13:43:11-07:00,0,54
index.html,7,html,8598acae,aprilhuang39,2025-04-18,23:24:21,-07:00,2025-04-18T23:24:21-07:00,0,40
index.html,8,html,8598acae,aprilhuang39,2025-04-18,23:24:21,-07:00,2025-04-18T23:24:21-07:00,0,46
index.html,9,html,d6d6ec42,aprilhuang39,2025-04-03,13:43:11,-07:00,2025-04-03T13:43:11-07:00,0,6
index.html,10,html,d6d6ec42,aprilhuang39,2025-04-03,13:43:11,-07:00,2025-04-03T13:43:11-07:00,0,5
index.html,11,html,93ab4951,aprilhuang39,2025-04-18,23:51:06,-07:00,2025-04-18T23:51:06-07:00,0,4
index.html,12,html,93ab4951,aprilhuang39,2025-04-18,23:51:06,-07:00,2025-04-18T23:51:06-07:00,0,19
index.html,13,html,4113f6c3,aprilhuang39,2025-04-18,23:56:30,-07:00,2025-04-18T23:56:30-07:00,0,86
index.html,14,html,93ab4951,aprilhuang39,2025-04-18,23:51:06,-07:00,2025-04-18T23:51:06-07:00,0,150
index.html,15,html,36230d8e,aprilhuang39,2025-04-25,23:32:46,-07:00,2025-04-25T23:32:46-07:00,0,0
index.html,16,html,36230d8e,aprilhuang39,2025-04-25,23:32:46,-07:00,2025-04-25T23:32:46-07:00,0,26
index.html,17,html,36230d8e,aprilhuang39,2025-04-25,23:32:46,-07:00,2025-04-25T23:32:46-07:00,0,27
index.html,18,html,36230d8e,aprilhuang39,2025-04-25,23:32:46,-07:00,2025-04-25T23:32:46-07:00,0,23
index.html,19,html,36230d8e,aprilhuang39,2025-04-25,23:32:46,-07:00,2025-04-25T23:32:46-07:00,0,29
index.html,20,html,36230d8e,aprilhuang39,2025-04-25,23:32:46,-07:00,2025-04-25T23:32:46-07:00,0,48
index.html,21,html,36230d8e,aprilhuang39,2025-04-25,23:32:46,-07:00,2025-04-25T23:32:46-07:00,0,47
index.html,22,html,93ab4951,aprilhuang39,2025-04-18,23:51:06,-07:00,2025-04-18T23:51:06-07:00,0,5
index.html,23,html,d6d6ec42,aprilhuang39,2025-04-03,13:43:11,-07:00,2025-04-03T13:43:11-07:00,0,6
index.html,24,html,d6d6ec42,aprilhuang39,2025-04-03,13:43:11,-07:00,2025-04-03T13:43:11-07:00,0,6
global.js,1,js,36230d8e,aprilhuang39,2025-04-25,23:32:46,-07:00,2025-04-25T23:32:46-07:00,0,26
global.js,2,js,8598acae,aprilhuang39,2025-04-18,23:24:21,-07:00,2025-04-18T23:24:21-07:00,0,0
global.js,3,js,8598acae,aprilhuang39,2025-04-18,23:24:21,-07:00,2025-04-18T23:24:21-07:00,0,42
global.js,4,js,8598acae,aprilhuang39,2025-04-18,23:24:21,-07:00,2025-04-18T23:24:21-07:00,0,53
global.js,5,js,8598acae,aprilhuang39,2025-04-18,23:24:21,-07:00,2025-04-18T23:24:21-07:00,0,0
global.js,6,js,8598acae,aprilhuang39,2025-04-18,23:24:21,-07:00,2025-04-18T23:24:21-07:00,0,0
global.js,7,js,ebcfd825,aprilhuang39,2025-04-19,00:00:45,-07:00,2025-04-19T00:00:45-07:00,0,14
global.js,8,js,ebcfd825,aprilhuang39,2025-04-19,00:00:45,-07:00,2025-04-19T00:00:45-07:00,0,26
global.js,9,js,ebcfd825,aprilhuang39,2025-04-19,00:00:45,-07:00,2025-04-19T00:00:45-07:00,0,39
global.js,10,js,e3b1e7de,aprilhuang39,2025-04-19,00:12:59,-07:00,2025-04-19T00:12:59-07:00,0,31
global.js,11,js,ebcfd825,aprilhuang39,2025-04-19,00:00:45,-07:00,2025-04-19T00:00:45-07:00,0,37
global.js,12,js,00000000,Not Committed Yet,2025-05-07,22:03:20,-07:00,2025-05-07T22:03:20-07:00,0,30
global.js,13,js,ebcfd825,aprilhuang39,2025-04-19,00:00:45,-07:00,2025-04-19T00:00:45-07:00,0,58
global.js,14,js,8598acae,aprilhuang39,2025-04-18,23:24:21,-07:00,2025-04-18T23:24:21-07:00,0,1
global.js,15,js,8598acae,aprilhuang39,2025-04-18,23:24:21,-07:00,2025-04-18T23:24:21-07:00,0,0
global.js,16,js,ebcfd825,aprilhuang39,2025-04-19,00:00:45,-07:00,2025-04-19T00:00:45-07:00,0,70
global.js,17,js,ebcfd825,aprilhuang39,2025-04-19,00:00:45,-07:00,2025-04-19T00:00:45-07:00,0,58
global.js,18,js,ebcfd825,aprilhuang39,2025-04-19,00:00:45,-07:00,2025-04-19T00:00:45-07:00,0,71
global.js,19,js,ebcfd825,aprilhuang39,2025-04-19,00:00:45,-07:00,2025-04-19T00:00:45-07:00,0,0
global.js,20,js,8598acae,aprilhuang39,2025-04-18,23:24:21,-07:00,2025-04-18T23:24:21-07:00,0,39
global.js,21,js,8598acae,aprilhuang39,2025-04-18,23:24:21,-07:00,2025-04-18T23:24:21-07:00,0,26
global.js,22,js,8598acae,aprilhuang39,2025-04-18,23:24:21,-07:00,2025-04-18T23:24:21-07:00,0,0
global.js,23,js,8598acae,aprilhuang39,2025-04-18,23:24:21,-07:00,2025-04-18T23:24:21-07:00,0,21
global.js,24,js,ebcfd825,aprilhuang39,2025-04-19,00:00:45,-07:00,2025-04-19T00:00:45-07:00,0,15
global.js,25,js,ebcfd825,aprilhuang39,2025-04-19,00:00:45,-07:00,2025-04-19T00:00:45-07:00,0,19
global.js,26,js,ebcfd825,aprilhuang39,2025-04-19,00:00:45,-07:00,2025-04-19T00:00:45-07:00,0,0
global.js,27,js,ebcfd825,aprilhuang39,2025-04-19,00:00:45,-07:00,2025-04-19T00:00:45-07:00,0,75
global.js,28,js,ebcfd825,aprilhuang39,2025-04-19,00:00:45,-07:00,2025-04-19T00:00:45-07:00,0,0
global.js,29,js,93ab4951,aprilhuang39,2025-04-18,23:51:06,-07:00,2025-04-18T23:51:06-07:00,0,35
global.js,30,js,ebcfd825,aprilhuang39,2025-04-19,00:00:45,-07:00,2025-04-19T00:00:45-07:00,0,12
global.js,31,js,ebcfd825,aprilhuang39,2025-04-19,00:00:45,-07:00,2025-04-19T00:00:45-07:00,0,21
global.js,32,js,ebcfd825,aprilhuang39,2025-04-19,00:00:45,-07:00,2025-04-19T00:00:45-07:00,0,0
global.js,33,js,ebcfd825,aprilhuang39,2025-04-19,00:00:45,-07:00,2025-04-19T00:00:45-07:00,0,50
global.js,34,js,ebcfd825,aprilhuang39,2025-04-19,00:00:45,-07:00,2025-04-19T00:00:45-07:00,0,18
global.js,35,js,ebcfd825,aprilhuang39,2025-04-19,00:00:45,-07:00,2025-04-19T00:00:45-07:00,0,25
global.js,36,js,ebcfd825,aprilhuang39,2025-04-19,00:00:45,-07:00,2025-04-19T00:00:45-07:00,0,66
global.js,37,js,93ab4951,aprilhuang39,2025-04-18,23:51:06,-07:00,2025-04-18T23:51:06-07:00,0,26
global.js,38,js,93ab4951,aprilhuang39,2025-04-18,23:51:06,-07:00,2025-04-18T23:51:06-07:00,0,0
global.js,39,js,ebcfd825,aprilhuang39,2025-04-19,00:00:45,-07:00,2025-04-19T00:00:45-07:00,0,0
global.js,40,js,ebcfd825,aprilhuang39,2025-04-19,00:00:45,-07:00,2025-04-19T00:00:45-07:00,0,30
global.js,41,js,93ab4951,aprilhuang39,2025-04-18,23:51:06,-07:00,2025-04-18T23:51:06-07:00,0,19
global.js,42,js,ebcfd825,aprilhuang39,2025-04-19,00:00:45,-07:00,2025-04-19T00:00:45-07:00,0,29
global.js,43,js,93ab4951,aprilhuang39,2025-04-18,23:51:06,-07:00,2025-04-18T23:51:06-07:00,0,0
global.js,44,js,ebcfd825,aprilhuang39,2025-04-19,00:00:45,-07:00,2025-04-19T00:00:45-07:00,0,0
global.js,45,js,93ab4951,aprilhuang39,2025-04-18,23:51:06,-07:00,2025-04-18T23:51:06-07:00,0,13
global.js,46,js,93ab4951,aprilhuang39,2025-04-18,23:51:06,-07:00,2025-04-18T23:51:06-07:00,0,0
global.js,47,js,8598acae,aprilhuang39,2025-04-18,23:24:21,-07:00,2025-04-18T23:24:21-07:00,0,0
global.js,48,js,ebcfd825,aprilhuang39,2025-04-19,00:00:45,-07:00,2025-04-19T00:00:45-07:00,0,0
global.js,49,js,ebcfd825,aprilhuang39,2025-04-19,00:00:45,-07:00,2025-04-19T00:00:45-07:00,0,0
global.js,50,js,8598acae,aprilhuang39,2025-04-18,23:24:21,-07:00,2025-04-18T23:24:21-07:00,0,32
global.js,51,js,8598acae,aprilhuang39,2025-04-18,23:24:21,-07:00,2025-04-18T23:24:21-07:00,0,12
global.js,52,js,8598acae,aprilhuang39,2025-04-18,23:24:21,-07:00,2025-04-18T23:24:21-07:00,0,0
global.js,53,js,8598acae,aprilhuang39,2025-04-18,23:24:21,-07:00,2025-04-18T23:24:21-07:00,0,27
global.js,54,js,8598acae,aprilhuang39,2025-04-18,23:24:21,-07:00,2025-04-18T23:24:21-07:00,0,5
global.js,55,js,8598acae,aprilhuang39,2025-04-18,23:24:21,-07:00,2025-04-18T23:24:21-07:00,0,7
global.js,56,js,8598acae,aprilhuang39,2025-04-18,23:24:21,-07:00,2025-04-18T23:24:21-07:00,0,44
global.js,57,js,8598acae,aprilhuang39,2025-04-18,23:24:21,-07:00,2025-04-18T23:24:21-07:00,0,35
global.js,58,js,8598acae,aprilhuang39,2025-04-18,23:24:21,-07:00,2025-04-18T23:24:21-07:00,0,33
global.js,59,js,8598acae,aprilhuang39,2025-04-18,23:24:21,-07:00,2025-04-18T23:24:21-07:00,0,8
global.js,60,js,8598acae,aprilhuang39,2025-04-18,23:24:21,-07:00,2025-04-18T23:24:21-07:00,0,8
global.js,61,js,8598acae,aprilhuang39,2025-04-18,23:24:21,-07:00,2025-04-18T23:24:21-07:00,0,1
global.js,62,js,8598acae,aprilhuang39,2025-04-18,23:24:21,-07:00,2025-04-18T23:24:21-07:00,0,0
global.js,63,js,8598acae,aprilhuang39,2025-04-18,23:24:21,-07:00,2025-04-18T23:24:21-07:00,0,45
global.js,64,js,8598acae,aprilhuang39,2025-04-18,23:24:21,-07:00,2025-04-18T23:24:21-07:00,0,0
global.js,65,js,8598acae,aprilhuang39,2025-04-18,23:24:21,-07:00,2025-04-18T23:24:21-07:00,0,35
global.js,66,js,8598acae,aprilhuang39,2025-04-18,23:24:21,-07:00,2025-04-18T23:24:21-07:00,0,37
global.js,67,js,8598acae,aprilhuang39,2025-04-18,23:24:21,-07:00,2025-04-18T23:24:21-07:00,0,66
global.js,68,js,8598acae,aprilhuang39,2025-04-18,23:24:21,-07:00,2025-04-18T23:24:21-07:00,0,21
global.js,69,js,8598acae,aprilhuang39,2025-04-18,23:24:21,-07:00,2025-04-18T23:24:21-07:00,0,0
global.js,70,js,8598acae,aprilhuang39,2025-04-18,23:24:21,-07:00,2025-04-18T23:24:21-07:00,0,0
global.js,71,js,8598acae,aprilhuang39,2025-04-18,23:24:21,-07:00,2025-04-18T23:24:21-07:00,0,50
global.js,72,js,8598acae,aprilhuang39,2025-04-18,23:24:21,-07:00,2025-04-18T23:24:21-07:00,0,31
global.js,73,js,8598acae,aprilhuang39,2025-04-18,23:24:21,-07:00,2025-04-18T23:24:21-07:00,0,66
global.js,74,js,8598acae,aprilhuang39,2025-04-18,23:24:21,-07:00,2025-04-18T23:24:21-07:00,0,33
global.js,75,js,36230d8e,aprilhuang39,2025-04-25,23:32:46,-07:00,2025-04-25T23:32:46-07:00,0,2
global.js,76,js,36230d8e,aprilhuang39,2025-04-25,23:32:46,-07:00,2025-04-25T23:32:46-07:00,0,0
global.js,77,js,36230d8e,aprilhuang39,2025-04-25,23:32:46,-07:00,2025-04-25T23:32:46-07:00,0,37
global.js,78,js,36230d8e,aprilhuang39,2025-04-25,23:32:46,-07:00,2025-04-25T23:32:46-07:00,0,4
global.js,79,js,36230d8e,aprilhuang39,2025-04-25,23:32:46,-07:00,2025-04-25T23:32:46-07:00,0,33
global.js,80,js,36230d8e,aprilhuang39,2025-04-25,23:32:46,-07:00,2025-04-25T23:32:46-07:00,0,18
global.js,81,js,36230d8e,aprilhuang39,2025-04-25,23:32:46,-07:00,2025-04-25T23:32:46-07:00,0,67
global.js,82,js,36230d8e,aprilhuang39,2025-04-25,23:32:46,-07:00,2025-04-25T23:32:46-07:00,0,0
global.js,83,js,36230d8e,aprilhuang39,2025-04-25,23:32:46,-07:00,2025-04-25T23:32:46-07:00,0,34
global.js,84,js,36230d8e,aprilhuang39,2025-04-25,23:32:46,-07:00,2025-04-25T23:32:46-07:00,0,11
global.js,85,js,36230d8e,aprilhuang39,2025-04-25,23:32:46,-07:00,2025-04-25T23:32:46-07:00,0,16
global.js,86,js,36230d8e,aprilhuang39,2025-04-25,23:32:46,-07:00,2025-04-25T23:32:46-07:00,0,60
global.js,87,js,36230d8e,aprilhuang39,2025-04-25,23:32:46,-07:00,2025-04-25T23:32:46-07:00,0,0
global.js,88,js,36230d8e,aprilhuang39,2025-04-25,23:32:46,-07:00,2025-04-25T23:32:46-07:00,0,0
global.js,89,js,36230d8e,aprilhuang39,2025-04-25,23:32:46,-07:00,2025-04-25T23:32:46-07:00,0,0
global.js,90,js,36230d8e,aprilhuang39,2025-04-25,23:32:46,-07:00,2025-04-25T23:32:46-07:00,0,80
global.js,91,js,36230d8e,aprilhuang39,2025-04-25,23:32:46,-07:00,2025-04-25T23:32:46-07:00,0,31
global.js,92,js,36230d8e,aprilhuang39,2025-04-25,23:32:46,-07:00,2025-04-25T23:32:46-07:00,0,0
global.js,93,js,36230d8e,aprilhuang39,2025-04-25,23:32:46,-07:00,2025-04-25T23:32:46-07:00,0,37
global.js,94,js,36230d8e,aprilhuang39,2025-04-25,23:32:46,-07:00,2025-04-25T23:32:46-07:00,0,62
global.js,95,js,36230d8e,aprilhuang39,2025-04-25,23:32:46,-07:00,2025-04-25T23:32:46-07:00,0,18
global.js,96,js,36230d8e,aprilhuang39,2025-04-25,23:32:46,-07:00,2025-04-25T23:32:46-07:00,0,58
global.js,97,js,36230d8e,aprilhuang39,2025-04-25,23:32:46,-07:00,2025-04-25T23:32:46-07:00,0,0
global.js,98,js,36230d8e,aprilhuang39,2025-04-25,23:32:46,-07:00,2025-04-25T23:32:46-07:00,0,0
global.js,99,js,36230d8e,aprilhuang39,2025-04-25,23:32:46,-07:00,2025-04-25T23:32:46-07:00,0,28
global.js,100,js,36230d8e,aprilhuang39,2025-04-25,23:32:46,-07:00,2025-04-25T23:32:46-07:00,0,49
global.js,101,js,36230d8e,aprilhuang39,2025-04-25,23:32:46,-07:00,2025-04-25T23:32:46-07:00,0,0
global.js,102,js,36230d8e,aprilhuang39,2025-04-25,23:32:46,-07:00,2025-04-25T23:32:46-07:00,0,50
global.js,103,js,36230d8e,aprilhuang39,2025-04-25,23:32:46,-07:00,2025-04-25T23:32:46-07:00,0,33
global.js,104,js,36230d8e,aprilhuang39,2025-04-25,23:32:46,-07:00,2025-04-25T23:32:46-07:00,0,0
global.js,105,js,36230d8e,aprilhuang39,2025-04-25,23:32:46,-07:00,2025-04-25T23:32:46-07:00,0,43
global.js,106,js,36230d8e,aprilhuang39,2025-04-25,23:32:46,-07:00,2025-04-25T23:32:46-07:00,0,25
global.js,107,js,36230d8e,aprilhuang39,2025-04-25,23:32:46,-07:00,2025-04-25T23:32:46-07:00,0,25
global.js,108,js,36230d8e,aprilhuang39,2025-04-25,23:32:46,-07:00,2025-04-25T23:32:46-07:00,0,0
global.js,109,js,36230d8e,aprilhuang39,2025-04-25,23:32:46,-07:00,2025-04-25T23:32:46-07:00,0,47
global.js,110,js,36230d8e,aprilhuang39,2025-04-25,23:32:46,-07:00,2025-04-25T23:32:46-07:00,0,45
global.js,111,js,36230d8e,aprilhuang39,2025-04-25,23:32:46,-07:00,2025-04-25T23:32:46-07:00,0,0
global.js,112,js,36230d8e,aprilhuang39,2025-04-25,23:32:46,-07:00,2025-04-25T23:32:46-07:00,0,41
global.js,113,js,36230d8e,aprilhuang39,2025-04-25,23:32:46,-07:00,2025-04-25T23:32:46-07:00,0,32
global.js,114,js,36230d8e,aprilhuang39,2025-04-25,23:32:46,-07:00,2025-04-25T23:32:46-07:00,0,2
global.js,115,js,36230d8e,aprilhuang39,2025-04-25,23:32:46,-07:00,2025-04-25T23:32:46-07:00,0,0
global.js,116,js,36230d8e,aprilhuang39,2025-04-25,23:32:46,-07:00,2025-04-25T23:32:46-07:00,0,0
global.js,117,js,36230d8e,aprilhuang39,2025-04-25,23:32:46,-07:00,2025-04-25T23:32:46-07:00,0,48
global.js,118,js,36230d8e,aprilhuang39,2025-04-25,23:32:46,-07:00,2025-04-25T23:32:46-07:00,0,60
global.js,119,js,36230d8e,aprilhuang39,2025-04-25,23:32:46,-07:00,2025-04-25T23:32:46-07:00,0,0
projects/projects.js,1,js,36230d8e,aprilhuang39,2025-04-25,23:32:46,-07:00,2025-04-25T23:32:46-07:00,0,56
projects/projects.js,2,js,ab8c9113,aprilhuang39,2025-05-03,20:55:09,-07:00,2025-05-03T20:55:09-07:00,0,64
projects/projects.js,3,js,36230d8e,aprilhuang39,2025-04-25,23:32:46,-07:00,2025-04-25T23:32:46-07:00,0,56
projects/projects.js,4,js,36230d8e,aprilhuang39,2025-04-25,23:32:46,-07:00,2025-04-25T23:32:46-07:00,0,61
projects/projects.js,5,js,36230d8e,aprilhuang39,2025-04-25,23:32:46,-07:00,2025-04-25T23:32:46-07:00,0,49
projects/projects.js,6,js,ab8c9113,aprilhuang39,2025-05-03,20:55:09,-07:00,2025-05-03T20:55:09-07:00,0,31
projects/projects.js,7,js,ab8c9113,aprilhuang39,2025-05-03,20:55:09,-07:00,2025-05-03T20:55:09-07:00,0,63
projects/projects.js,8,js,ab8c9113,aprilhuang39,2025-05-03,20:55:09,-07:00,2025-05-03T20:55:09-07:00,0,0
projects/projects.js,9,js,ab8c9113,aprilhuang39,2025-05-03,20:55:09,-07:00,2025-05-03T20:55:09-07:00,0,19
projects/projects.js,10,js,ab8c9113,aprilhuang39,2025-05-03,20:55:09,-07:00,2025-05-03T20:55:09-07:00,0,57
projects/projects.js,11,js,ab8c9113,aprilhuang39,2025-05-03,20:55:09,-07:00,2025-05-03T20:55:09-07:00,0,0
projects/projects.js,12,js,ab8c9113,aprilhuang39,2025-05-03,20:55:09,-07:00,2025-05-03T20:55:09-07:00,0,0
projects/projects.js,13,js,ab8c9113,aprilhuang39,2025-05-03,20:55:09,-07:00,2025-05-03T20:55:09-07:00,0,26
projects/projects.js,14,js,ab8c9113,aprilhuang39,2025-05-03,20:55:09,-07:00,2025-05-03T20:55:09-07:00,0,14
projects/projects.js,15,js,ab8c9113,aprilhuang39,2025-05-03,20:55:09,-07:00,2025-05-03T20:55:09-07:00,0,16
projects/projects.js,16,js,ab8c9113,aprilhuang39,2025-05-03,20:55:09,-07:00,2025-05-03T20:55:09-07:00,0,0
projects/projects.js,17,js,ab8c9113,aprilhuang39,2025-05-03,20:55:09,-07:00,2025-05-03T20:55:09-07:00,0,39
projects/projects.js,18,js,ab8c9113,aprilhuang39,2025-05-03,20:55:09,-07:00,2025-05-03T20:55:09-07:00,0,30
projects/projects.js,19,js,ab8c9113,aprilhuang39,2025-05-03,20:55:09,-07:00,2025-05-03T20:55:09-07:00,0,13
projects/projects.js,20,js,ab8c9113,aprilhuang39,2025-05-03,20:55:09,-07:00,2025-05-03T20:55:09-07:00,0,15
projects/projects.js,21,js,ab8c9113,aprilhuang39,2025-05-03,20:55:09,-07:00,2025-05-03T20:55:09-07:00,0,13
projects/projects.js,22,js,ab8c9113,aprilhuang39,2025-05-03,20:55:09,-07:00,2025-05-03T20:55:09-07:00,0,1
projects/projects.js,23,js,ab8c9113,aprilhuang39,2025-05-03,20:55:09,-07:00,2025-05-03T20:55:09-07:00,0,51
projects/projects.js,24,js,ab8c9113,aprilhuang39,2025-05-03,20:55:09,-07:00,2025-05-03T20:55:09-07:00,0,36
projects/projects.js,25,js,ab8c9113,aprilhuang39,2025-05-03,20:55:09,-07:00,2025-05-03T20:55:09-07:00,0,2
projects/projects.js,26,js,ab8c9113,aprilhuang39,2025-05-03,20:55:09,-07:00,2025-05-03T20:55:09-07:00,0,0
projects/projects.js,27,js,ab8c9113,aprilhuang39,2025-05-03,20:55:09,-07:00,2025-05-03T20:55:09-07:00,0,54
projects/projects.js,28,js,ab8c9113,aprilhuang39,2025-05-03,20:55:09,-07:00,2025-05-03T20:55:09-07:00,0,43
projects/projects.js,29,js,ab8c9113,aprilhuang39,2025-05-03,20:55:09,-07:00,2025-05-03T20:55:09-07:00,0,52
projects/projects.js,30,js,ab8c9113,aprilhuang39,2025-05-03,20:55:09,-07:00,2025-05-03T20:55:09-07:00,0,0
projects/projects.js,31,js,ab8c9113,aprilhuang39,2025-05-03,20:55:09,-07:00,2025-05-03T20:55:09-07:00,0,22
projects/projects.js,32,js,ab8c9113,aprilhuang39,2025-05-03,20:55:09,-07:00,2025-05-03T20:55:09-07:00,0,26
projects/projects.js,33,js,ab8c9113,aprilhuang39,2025-05-03,20:55:09,-07:00,2025-05-03T20:55:09-07:00,0,33
projects/projects.js,34,js,ab8c9113,aprilhuang39,2025-05-03,20:55:09,-07:00,2025-05-03T20:55:09-07:00,0,48
projects/projects.js,35,js,ab8c9113,aprilhuang39,2025-05-03,20:55:09,-07:00,2025-05-03T20:55:09-07:00,0,0
projects/projects.js,36,js,ab8c9113,aprilhuang39,2025-05-03,20:55:09,-07:00,2025-05-03T20:55:09-07:00,0,30
projects/projects.js,37,js,ab8c9113,aprilhuang39,2025-05-03,20:55:09,-07:00,2025-05-03T20:55:09-07:00,0,31
projects/projects.js,38,js,ab8c9113,aprilhuang39,2025-05-03,20:55:09,-07:00,2025-05-03T20:55:09-07:00,0,0
projects/projects.js,39,js,ab8c9113,aprilhuang39,2025-05-03,20:55:09,-07:00,2025-05-03T20:55:09-07:00,0,30
projects/projects.js,40,js,ab8c9113,aprilhuang39,2025-05-03,20:55:09,-07:00,2025-05-03T20:55:09-07:00,0,2
projects/projects.js,41,js,ab8c9113,aprilhuang39,2025-05-03,20:55:09,-07:00,2025-05-03T20:55:09-07:00,0,14
projects/projects.js,42,js,ab8c9113,aprilhuang39,2025-05-03,20:55:09,-07:00,2025-05-03T20:55:09-07:00,0,14
projects/projects.js,43,js,ab8c9113,aprilhuang39,2025-05-03,20:55:09,-07:00,2025-05-03T20:55:09-07:00,0,25
projects/projects.js,44,js,ab8c9113,aprilhuang39,2025-05-03,20:55:09,-07:00,2025-05-03T20:55:09-07:00,0,19
projects/projects.js,45,js,ab8c9113,aprilhuang39,2025-05-03,20:55:09,-07:00,2025-05-03T20:55:09-07:00,0,48
projects/projects.js,46,js,ab8c9113,aprilhuang39,2025-05-03,20:55:09,-07:00,2025-05-03T20:55:09-07:00,0,0
projects/projects.js,47,js,ab8c9113,aprilhuang39,2025-05-03,20:55:09,-07:00,2025-05-03T20:55:09-07:00,0,26
projects/projects.js,48,js,ab8c9113,aprilhuang39,2025-05-03,20:55:09,-07:00,2025-05-03T20:55:09-07:00,0,57
projects/projects.js,49,js,ab8c9113,aprilhuang39,2025-05-03,20:55:09,-07:00,2025-05-03T20:55:09-07:00,0,7
projects/projects.js,50,js,ab8c9113,aprilhuang39,2025-05-03,20:55:09,-07:00,2025-05-03T20:55:09-07:00,0,47
projects/projects.js,51,js,ab8c9113,aprilhuang39,2025-05-03,20:55:09,-07:00,2025-05-03T20:55:09-07:00,0,39
projects/projects.js,52,js,ab8c9113,aprilhuang39,2025-05-03,20:55:09,-07:00,2025-05-03T20:55:09-07:00,0,41
projects/projects.js,53,js,ab8c9113,aprilhuang39,2025-05-03,20:55:09,-07:00,2025-05-03T20:55:09-07:00,0,1
projects/projects.js,54,js,ab8c9113,aprilhuang39,2025-05-03,20:55:09,-07:00,2025-05-03T20:55:09-07:00,0,57
projects/projects.js,55,js,ab8c9113,aprilhuang39,2025-05-03,20:55:09,-07:00,2025-05-03T20:55:09-07:00,0,0
projects/projects.js,56,js,ab8c9113,aprilhuang39,2025-05-03,20:55:09,-07:00,2025-05-03T20:55:09-07:00,0,0
projects/projects.js,57,js,ab8c9113,aprilhuang39,2025-05-03,20:55:09,-07:00,2025-05-03T20:55:09-07:00,0,2
projects/projects.js,58,js,ab8c9113,aprilhuang39,2025-05-03,20:55:09,-07:00,2025-05-03T20:55:09-07:00,0,17
projects/projects.js,59,js,ab8c9113,aprilhuang39,2025-05-03,20:55:09,-07:00,2025-05-03T20:55:09-07:00,0,27
projects/projects.js,60,js,ab8c9113,aprilhuang39,2025-05-03,20:55:09,-07:00,2025-05-03T20:55:09-07:00,0,38
projects/projects.js,61,js,ab8c9113,aprilhuang39,2025-05-03,20:55:09,-07:00,2025-05-03T20:55:09-07:00,0,2
projects/projects.js,62,js,ab8c9113,aprilhuang39,2025-05-03,20:55:09,-07:00,2025-05-03T20:55:09-07:00,0,5
projects/projects.js,63,js,ab8c9113,aprilhuang39,2025-05-03,20:55:09,-07:00,2025-05-03T20:55:09-07:00,0,15
projects/projects.js,64,js,ab8c9113,aprilhuang39,2025-05-03,20:55:09,-07:00,2025-05-03T20:55:09-07:00,0,27
projects/projects.js,65,js,ab8c9113,aprilhuang39,2025-05-03,20:55:09,-07:00,2025-05-03T20:55:09-07:00,0,38
projects/projects.js,66,js,ab8c9113,aprilhuang39,2025-05-03,20:55:09,-07:00,2025-05-03T20:55:09-07:00,0,2
projects/projects.js,67,js,ab8c9113,aprilhuang39,2025-05-03,20:55:09,-07:00,2025-05-03T20:55:09-07:00,0,0
projects/projects.js,68,js,ab8c9113,aprilhuang39,2025-05-03,20:55:09,-07:00,2025-05-03T20:55:09-07:00,0,2
projects/projects.js,69,js,ab8c9113,aprilhuang39,2025-05-03,20:55:09,-07:00,2025-05-03T20:55:09-07:00,0,2
projects/projects.js,70,js,ab8c9113,aprilhuang39,2025-05-03,20:55:09,-07:00,2025-05-03T20:55:09-07:00,0,0
projects/projects.js,71,js,ab8c9113,aprilhuang39,2025-05-03,20:55:09,-07:00,2025-05-03T20:55:09-07:00,0,28
projects/projects.js,72,js,ab8c9113,aprilhuang39,2025-05-03,20:55:09,-07:00,2025-05-03T20:55:09-07:00,0,18
projects/projects.js,73,js,ab8c9113,aprilhuang39,2025-05-03,20:55:09,-07:00,2025-05-03T20:55:09-07:00,0,28
projects/projects.js,74,js,ab8c9113,aprilhuang39,2025-05-03,20:55:09,-07:00,2025-05-03T20:55:09-07:00,0,39
projects/projects.js,75,js,ab8c9113,aprilhuang39,2025-05-03,20:55:09,-07:00,2025-05-03T20:55:09-07:00,0,70
projects/projects.js,76,js,ab8c9113,aprilhuang39,2025-05-03,20:55:09,-07:00,2025-05-03T20:55:09-07:00,0,2
projects/projects.js,77,js,ab8c9113,aprilhuang39,2025-05-03,20:55:09,-07:00,2025-05-03T20:55:09-07:00,0,0
projects/projects.js,78,js,ab8c9113,aprilhuang39,2025-05-03,20:55:09,-07:00,2025-05-03T20:55:09-07:00,0,0
projects/projects.js,79,js,ab8c9113,aprilhuang39,2025-05-03,20:55:09,-07:00,2025-05-03T20:55:09-07:00,0,0
projects/projects.js,80,js,ab8c9113,aprilhuang39,2025-05-03,20:55:09,-07:00,2025-05-03T20:55:09-07:00,0,32
projects/projects.js,81,js,ab8c9113,aprilhuang39,2025-05-03,20:55:09,-07:00,2025-05-03T20:55:09-07:00,0,0
projects/projects.js,82,js,ab8c9113,aprilhuang39,2025-05-03,20:55:09,-07:00,2025-05-03T20:55:09-07:00,0,14
projects/projects.js,83,js,ab8c9113,aprilhuang39,2025-05-03,20:55:09,-07:00,2025-05-03T20:55:09-07:00,0,54
projects/projects.js,84,js,ab8c9113,aprilhuang39,2025-05-03,20:55:09,-07:00,2025-05-03T20:55:09-07:00,0,49
projects/projects.js,85,js,ab8c9113,aprilhuang39,2025-05-03,20:55:09,-07:00,2025-05-03T20:55:09-07:00,0,26
projects/projects.js,86,js,ab8c9113,aprilhuang39,2025-05-03,20:55:09,-07:00,2025-05-03T20:55:09-07:00,0,48
projects/projects.js,87,js,ab8c9113,aprilhuang39,2025-05-03,20:55:09,-07:00,2025-05-03T20:55:09-07:00,0,60
projects/projects.js,88,js,ab8c9113,aprilhuang39,2025-05-03,20:55:09,-07:00,2025-05-03T20:55:09-07:00,0,43
projects/projects.js,89,js,ab8c9113,aprilhuang39,2025-05-03,20:55:09,-07:00,2025-05-03T20:55:09-07:00,0,1
projects/projects.js,90,js,ab8c9113,aprilhuang39,2025-05-03,20:55:09,-07:00,2025-05-03T20:55:09-07:00,0,57
projects/projects.js,91,js,ab8c9113,aprilhuang39,2025-05-03,20:55:09,-07:00,2025-05-03T20:55:09-07:00,0,32
projects/projects.js,92,js,ab8c9113,aprilhuang39,2025-05-03,20:55:09,-07:00,2025-05-03T20:55:09-07:00,0,2
projects/index.html,1,html,633e55bd,aprilhuang39,2025-04-03,14:08:27,-07:00,2025-04-03T14:08:27-07:00,0,14
projects/index.html,2,html,633e55bd,aprilhuang39,2025-04-03,14:08:27,-07:00,2025-04-03T14:08:27-07:00,0,15
projects/index.html,3,html,633e55bd,aprilhuang39,2025-04-03,14:08:27,-07:00,2025-04-03T14:08:27-07:00,0,5
projects/index.html,4,html,633e55bd,aprilhuang39,2025-04-03,14:08:27,-07:00,2025-04-03T14:08:27-07:00,0,21
projects/index.html,5,html,633e55bd,aprilhuang39,2025-04-03,14:08:27,-07:00,2025-04-03T14:08:27-07:00,0,69
projects/index.html,6,html,633e55bd,aprilhuang39,2025-04-03,14:08:27,-07:00,2025-04-03T14:08:27-07:00,0,22
projects/index.html,7,html,633e55bd,aprilhuang39,2025-04-03,14:08:27,-07:00,2025-04-03T14:08:27-07:00,0,42
projects/index.html,8,html,36230d8e,aprilhuang39,2025-04-25,23:32:46,-07:00,2025-04-25T23:32:46-07:00,0,49
projects/index.html,9,html,36230d8e,aprilhuang39,2025-04-25,23:32:46,-07:00,2025-04-25T23:32:46-07:00,0,48
projects/index.html,10,html,633e55bd,aprilhuang39,2025-04-03,14:08:27,-07:00,2025-04-03T14:08:27-07:00,0,6
projects/index.html,11,html,633e55bd,aprilhuang39,2025-04-03,14:08:27,-07:00,2025-04-03T14:08:27-07:00,0,5
projects/index.html,12,html,ab8c9113,aprilhuang39,2025-05-03,20:55:09,-07:00,2025-05-03T20:55:09-07:00,0,46
projects/index.html,13,html,ab8c9113,aprilhuang39,2025-05-03,20:55:09,-07:00,2025-05-03T20:55:09-07:00,0,0
projects/index.html,14,html,ab8c9113,aprilhuang39,2025-05-03,20:55:09,-07:00,2025-05-03T20:55:09-07:00,0,22
projects/index.html,15,html,bacd1653,aprilhuang39,2025-05-03,21:04:11,-07:00,2025-05-03T21:04:11-07:00,0,59
projects/index.html,16,html,ab8c9113,aprilhuang39,2025-05-03,20:55:09,-07:00,2025-05-03T20:55:09-07:00,0,23
projects/index.html,17,html,a1f3e66f,aprilhuang39,2025-04-08,12:56:15,-07:00,2025-04-08T12:56:15-07:00,0,5
projects/index.html,18,html,ab8c9113,aprilhuang39,2025-05-03,20:55:09,-07:00,2025-05-03T20:55:09-07:00,0,5
projects/index.html,19,html,ab8c9113,aprilhuang39,2025-05-03,20:55:09,-07:00,2025-05-03T20:55:09-07:00,0,16
projects/index.html,20,html,ab8c9113,aprilhuang39,2025-05-03,20:55:09,-07:00,2025-05-03T20:55:09-07:00,0,12
projects/index.html,21,html,ab8c9113,aprilhuang39,2025-05-03,20:55:09,-07:00,2025-05-03T20:55:09-07:00,0,27
projects/index.html,22,html,ab8c9113,aprilhuang39,2025-05-03,20:55:09,-07:00,2025-05-03T20:55:09-07:00,0,32
projects/index.html,23,html,ab8c9113,aprilhuang39,2025-05-03,20:55:09,-07:00,2025-05-03T20:55:09-07:00,0,1
projects/index.html,24,html,ab8c9113,aprilhuang39,2025-05-03,20:55:09,-07:00,2025-05-03T20:55:09-07:00,0,0
projects/index.html,25,html,ab8c9113,aprilhuang39,2025-05-03,20:55:09,-07:00,2025-05-03T20:55:09-07:00,0,27
projects/index.html,26,html,633e55bd,aprilhuang39,2025-04-03,14:08:27,-07:00,2025-04-03T14:08:27-07:00,0,6
projects/index.html,27,html,633e55bd,aprilhuang39,2025-04-03,14:08:27,-07:00,2025-04-03T14:08:27-07:00,0,6
cv/index.html,1,html,3b43983d,aprilhuang39,2025-04-03,14:58:32,-07:00,2025-04-03T14:58:32-07:00,0,14
cv/index.html,2,html,3b43983d,aprilhuang39,2025-04-03,14:58:32,-07:00,2025-04-03T14:58:32-07:00,0,15
cv/index.html,3,html,3b43983d,aprilhuang39,2025-04-03,14:58:32,-07:00,2025-04-03T14:58:32-07:00,0,5
cv/index.html,4,html,3b43983d,aprilhuang39,2025-04-03,14:58:32,-07:00,2025-04-03T14:58:32-07:00,0,21
cv/index.html,5,html,3b43983d,aprilhuang39,2025-04-03,14:58:32,-07:00,2025-04-03T14:58:32-07:00,0,69
cv/index.html,6,html,3b43983d,aprilhuang39,2025-04-03,14:58:32,-07:00,2025-04-03T14:58:32-07:00,0,20
cv/index.html,7,html,2820e068,aprilhuang39,2025-04-04,10:11:51,-07:00,2025-04-04T10:11:51-07:00,0,42
cv/index.html,8,html,8598acae,aprilhuang39,2025-04-18,23:24:21,-07:00,2025-04-18T23:24:21-07:00,0,49
cv/index.html,9,html,8598acae,aprilhuang39,2025-04-18,23:24:21,-07:00,2025-04-18T23:24:21-07:00,0,0
cv/index.html,10,html,3b43983d,aprilhuang39,2025-04-03,14:58:32,-07:00,2025-04-03T14:58:32-07:00,0,6
cv/index.html,11,html,5fe2c9bb,aprilhuang39,2025-04-09,14:30:03,-07:00,2025-04-09T14:30:03-07:00,0,20
cv/index.html,12,html,3b43983d,aprilhuang39,2025-04-03,14:58:32,-07:00,2025-04-03T14:58:32-07:00,0,24
cv/index.html,13,html,3b43983d,aprilhuang39,2025-04-03,14:58:32,-07:00,2025-04-03T14:58:32-07:00,0,0
cv/index.html,14,html,3b43983d,aprilhuang39,2025-04-03,14:58:32,-07:00,2025-04-03T14:58:32-07:00,0,27
cv/index.html,15,html,3b43983d,aprilhuang39,2025-04-03,14:58:32,-07:00,2025-04-03T14:58:32-07:00,0,28
cv/index.html,16,html,3b43983d,aprilhuang39,2025-04-03,14:58:32,-07:00,2025-04-03T14:58:32-07:00,0,17
cv/index.html,17,html,3b43983d,aprilhuang39,2025-04-03,14:58:32,-07:00,2025-04-03T14:58:32-07:00,0,29
cv/index.html,18,html,3b43983d,aprilhuang39,2025-04-03,14:58:32,-07:00,2025-04-03T14:58:32-07:00,0,67
cv/index.html,19,html,3b43983d,aprilhuang39,2025-04-03,14:58:32,-07:00,2025-04-03T14:58:32-07:00,0,115
cv/index.html,20,html,3b43983d,aprilhuang39,2025-04-03,14:58:32,-07:00,2025-04-03T14:58:32-07:00,0,9
cv/index.html,21,html,3b43983d,aprilhuang39,2025-04-03,14:58:32,-07:00,2025-04-03T14:58:32-07:00,0,0
cv/index.html,22,html,3b43983d,aprilhuang39,2025-04-03,14:58:32,-07:00,2025-04-03T14:58:32-07:00,0,24
cv/index.html,23,html,9f74161d,aprilhuang39,2025-04-08,12:40:43,-07:00,2025-04-08T12:40:43-07:00,0,23
cv/index.html,24,html,3b43983d,aprilhuang39,2025-04-03,14:58:32,-07:00,2025-04-03T14:58:32-07:00,0,20
cv/index.html,25,html,3b43983d,aprilhuang39,2025-04-03,14:58:32,-07:00,2025-04-03T14:58:32-07:00,0,7
cv/index.html,26,html,3b43983d,aprilhuang39,2025-04-03,14:58:32,-07:00,2025-04-03T14:58:32-07:00,0,26
cv/index.html,27,html,3b43983d,aprilhuang39,2025-04-03,14:58:32,-07:00,2025-04-03T14:58:32-07:00,0,113
cv/index.html,28,html,3b43983d,aprilhuang39,2025-04-03,14:58:32,-07:00,2025-04-03T14:58:32-07:00,0,61
cv/index.html,29,html,3b43983d,aprilhuang39,2025-04-03,14:58:32,-07:00,2025-04-03T14:58:32-07:00,0,8
cv/index.html,30,html,3b43983d,aprilhuang39,2025-04-03,14:58:32,-07:00,2025-04-03T14:58:32-07:00,0,3
cv/index.html,31,html,3b43983d,aprilhuang39,2025-04-03,14:58:32,-07:00,2025-04-03T14:58:32-07:00,0,149
cv/index.html,32,html,3b43983d,aprilhuang39,2025-04-03,14:58:32,-07:00,2025-04-03T14:58:32-07:00,0,158
cv/index.html,33,html,3b43983d,aprilhuang39,2025-04-03,14:58:32,-07:00,2025-04-03T14:58:32-07:00,0,4
cv/index.html,34,html,3b43983d,aprilhuang39,2025-04-03,14:58:32,-07:00,2025-04-03T14:58:32-07:00,0,9
cv/index.html,35,html,3b43983d,aprilhuang39,2025-04-03,14:58:32,-07:00,2025-04-03T14:58:32-07:00,0,0
cv/index.html,36,html,3b43983d,aprilhuang39,2025-04-03,14:58:32,-07:00,2025-04-03T14:58:32-07:00,0,20
cv/index.html,37,html,3b43983d,aprilhuang39,2025-04-03,14:58:32,-07:00,2025-04-03T14:58:32-07:00,0,7
cv/index.html,38,html,3b43983d,aprilhuang39,2025-04-03,14:58:32,-07:00,2025-04-03T14:58:32-07:00,0,31
cv/index.html,39,html,3b43983d,aprilhuang39,2025-04-03,14:58:32,-07:00,2025-04-03T14:58:32-07:00,0,41
cv/index.html,40,html,3b43983d,aprilhuang39,2025-04-03,14:58:32,-07:00,2025-04-03T14:58:32-07:00,0,61
cv/index.html,41,html,3b43983d,aprilhuang39,2025-04-03,14:58:32,-07:00,2025-04-03T14:58:32-07:00,0,8
cv/index.html,42,html,3b43983d,aprilhuang39,2025-04-03,14:58:32,-07:00,2025-04-03T14:58:32-07:00,0,3
cv/index.html,43,html,3b43983d,aprilhuang39,2025-04-03,14:58:32,-07:00,2025-04-03T14:58:32-07:00,0,191
cv/index.html,44,html,3b43983d,aprilhuang39,2025-04-03,14:58:32,-07:00,2025-04-03T14:58:32-07:00,0,98
cv/index.html,45,html,3b43983d,aprilhuang39,2025-04-03,14:58:32,-07:00,2025-04-03T14:58:32-07:00,0,102
cv/index.html,46,html,3b43983d,aprilhuang39,2025-04-03,14:58:32,-07:00,2025-04-03T14:58:32-07:00,0,4
cv/index.html,47,html,3b43983d,aprilhuang39,2025-04-03,14:58:32,-07:00,2025-04-03T14:58:32-07:00,0,9
cv/index.html,48,html,3b43983d,aprilhuang39,2025-04-03,14:58:32,-07:00,2025-04-03T14:58:32-07:00,0,9
cv/index.html,49,html,3b43983d,aprilhuang39,2025-04-03,14:58:32,-07:00,2025-04-03T14:58:32-07:00,0,0
cv/index.html,50,html,8598acae,aprilhuang39,2025-04-18,23:24:21,-07:00,2025-04-18T23:24:21-07:00,0,23
cv/index.html,51,html,3b43983d,aprilhuang39,2025-04-03,14:58:32,-07:00,2025-04-03T14:58:32-07:00,0,17
cv/index.html,52,html,3b43983d,aprilhuang39,2025-04-03,14:58:32,-07:00,2025-04-03T14:58:32-07:00,0,0
cv/index.html,53,html,3b43983d,aprilhuang39,2025-04-03,14:58:32,-07:00,2025-04-03T14:58:32-07:00,0,26
cv/index.html,54,html,3b43983d,aprilhuang39,2025-04-03,14:58:32,-07:00,2025-04-03T14:58:32-07:00,0,76
cv/index.html,55,html,3b43983d,aprilhuang39,2025-04-03,14:58:32,-07:00,2025-04-03T14:58:32-07:00,0,56
cv/index.html,56,html,3b43983d,aprilhuang39,2025-04-03,14:58:32,-07:00,2025-04-03T14:58:32-07:00,0,63
cv/index.html,57,html,3b43983d,aprilhuang39,2025-04-03,14:58:32,-07:00,2025-04-03T14:58:32-07:00,0,9
cv/index.html,58,html,3b43983d,aprilhuang39,2025-04-03,14:58:32,-07:00,2025-04-03T14:58:32-07:00,0,9
cv/index.html,59,html,3b43983d,aprilhuang39,2025-04-03,14:58:32,-07:00,2025-04-03T14:58:32-07:00,0,0
cv/index.html,60,html,3b43983d,aprilhuang39,2025-04-03,14:58:32,-07:00,2025-04-03T14:58:32-07:00,0,20
cv/index.html,61,html,3b43983d,aprilhuang39,2025-04-03,14:58:32,-07:00,2025-04-03T14:58:32-07:00,0,24
cv/index.html,62,html,3b43983d,aprilhuang39,2025-04-03,14:58:32,-07:00,2025-04-03T14:58:32-07:00,0,3
cv/index.html,63,html,3b43983d,aprilhuang39,2025-04-03,14:58:32,-07:00,2025-04-03T14:58:32-07:00,0,80
cv/index.html,64,html,3b43983d,aprilhuang39,2025-04-03,14:58:32,-07:00,2025-04-03T14:58:32-07:00,0,41
cv/index.html,65,html,3b43983d,aprilhuang39,2025-04-03,14:58:32,-07:00,2025-04-03T14:58:32-07:00,0,33
cv/index.html,66,html,3b43983d,aprilhuang39,2025-04-03,14:58:32,-07:00,2025-04-03T14:58:32-07:00,0,45
cv/index.html,67,html,3b43983d,aprilhuang39,2025-04-03,14:58:32,-07:00,2025-04-03T14:58:32-07:00,0,36
cv/index.html,68,html,3b43983d,aprilhuang39,2025-04-03,14:58:32,-07:00,2025-04-03T14:58:32-07:00,0,4
cv/index.html,69,html,3b43983d,aprilhuang39,2025-04-03,14:58:32,-07:00,2025-04-03T14:58:32-07:00,0,9
cv/index.html,70,html,3b43983d,aprilhuang39,2025-04-03,14:58:32,-07:00,2025-04-03T14:58:32-07:00,0,6
cv/index.html,71,html,3b43983d,aprilhuang39,2025-04-03,14:58:32,-07:00,2025-04-03T14:58:32-07:00,0,6
contact/index.html,1,html,633e55bd,aprilhuang39,2025-04-03,14:08:27,-07:00,2025-04-03T14:08:27-07:00,0,14
contact/index.html,2,html,633e55bd,aprilhuang39,2025-04-03,14:08:27,-07:00,2025-04-03T14:08:27-07:00,0,15
contact/index.html,3,html,633e55bd,aprilhuang39,2025-04-03,14:08:27,-07:00,2025-04-03T14:08:27-07:00,0,5
contact/index.html,4,html,633e55bd,aprilhuang39,2025-04-03,14:08:27,-07:00,2025-04-03T14:08:27-07:00,0,21
contact/index.html,5,html,633e55bd,aprilhuang39,2025-04-03,14:08:27,-07:00,2025-04-03T14:08:27-07:00,0,69
contact/index.html,6,html,633e55bd,aprilhuang39,2025-04-03,14:08:27,-07:00,2025-04-03T14:08:27-07:00,0,21
contact/index.html,7,html,633e55bd,aprilhuang39,2025-04-03,14:08:27,-07:00,2025-04-03T14:08:27-07:00,0,42
contact/index.html,8,html,8598acae,aprilhuang39,2025-04-18,23:24:21,-07:00,2025-04-18T23:24:21-07:00,0,49
contact/index.html,9,html,8598acae,aprilhuang39,2025-04-18,23:24:21,-07:00,2025-04-18T23:24:21-07:00,0,0
contact/index.html,10,html,633e55bd,aprilhuang39,2025-04-03,14:08:27,-07:00,2025-04-03T14:08:27-07:00,0,6
contact/index.html,11,html,633e55bd,aprilhuang39,2025-04-03,14:08:27,-07:00,2025-04-03T14:08:27-07:00,0,5
contact/index.html,12,html,55fdc743,aprilhuang39,2025-04-03,14:25:46,-07:00,2025-04-03T14:25:46-07:00,0,19
contact/index.html,13,html,55fdc743,aprilhuang39,2025-04-03,14:25:46,-07:00,2025-04-03T14:25:46-07:00,0,73
contact/index.html,14,html,bdf6aebe,aprilhuang39,2025-04-08,12:51:43,-07:00,2025-04-08T12:51:43-07:00,0,6
contact/index.html,15,html,bdf6aebe,aprilhuang39,2025-04-08,12:51:43,-07:00,2025-04-08T12:51:43-07:00,0,10
contact/index.html,16,html,bdf6aebe,aprilhuang39,2025-04-08,12:51:43,-07:00,2025-04-08T12:51:43-07:00,0,41
contact/index.html,17,html,bdf6aebe,aprilhuang39,2025-04-08,12:51:43,-07:00,2025-04-08T12:51:43-07:00,0,7
contact/index.html,18,html,55fdc743,aprilhuang39,2025-04-03,14:25:46,-07:00,2025-04-03T14:25:46-07:00,0,0
contact/index.html,19,html,bdf6aebe,aprilhuang39,2025-04-08,12:51:43,-07:00,2025-04-08T12:51:43-07:00,0,6
contact/index.html,20,html,bdf6aebe,aprilhuang39,2025-04-08,12:51:43,-07:00,2025-04-08T12:51:43-07:00,0,7
contact/index.html,21,html,bdf6aebe,aprilhuang39,2025-04-08,12:51:43,-07:00,2025-04-08T12:51:43-07:00,0,30
contact/index.html,22,html,bdf6aebe,aprilhuang39,2025-04-08,12:51:43,-07:00,2025-04-08T12:51:43-07:00,0,7
contact/index.html,23,html,55fdc743,aprilhuang39,2025-04-03,14:25:46,-07:00,2025-04-03T14:25:46-07:00,0,0
contact/index.html,24,html,bdf6aebe,aprilhuang39,2025-04-08,12:51:43,-07:00,2025-04-08T12:51:43-07:00,0,6
contact/index.html,25,html,bdf6aebe,aprilhuang39,2025-04-08,12:51:43,-07:00,2025-04-08T12:51:43-07:00,0,7
contact/index.html,26,html,bdf6aebe,aprilhuang39,2025-04-08,12:51:43,-07:00,2025-04-08T12:51:43-07:00,0,60
contact/index.html,27,html,bdf6aebe,aprilhuang39,2025-04-08,12:51:43,-07:00,2025-04-08T12:51:43-07:00,0,7
contact/index.html,28,html,55fdc743,aprilhuang39,2025-04-03,14:25:46,-07:00,2025-04-03T14:25:46-07:00,0,0
contact/index.html,29,html,55fdc743,aprilhuang39,2025-04-03,14:25:46,-07:00,2025-04-03T14:25:46-07:00,0,28
contact/index.html,30,html,55fdc743,aprilhuang39,2025-04-03,14:25:46,-07:00,2025-04-03T14:25:46-07:00,0,6
contact/index.html,31,html,633e55bd,aprilhuang39,2025-04-03,14:08:27,-07:00,2025-04-03T14:08:27-07:00,0,6
contact/index.html,32,html,633e55bd,aprilhuang39,2025-04-03,14:08:27,-07:00,2025-04-03T14:08:27-07:00,0,6
